[
  {
    "Abbreviation": "apa",
    "CategoryID": 1,
    "Description": "apts/housing for rent",
    "Type": "H"
  },
  {
    "Abbreviation": "hou",
    "CategoryID": 2,
    "Description": "apts wanted",
    "Type": "H"
  },
  {
    "Abbreviation": "com",
    "CategoryID": 3,
    "Description": "general community",
    "Type": "C"
  },
  {
    "Abbreviation": "biz",
    "CategoryID": 4,
    "Description": "small biz ads",
    "Type": "B"
  },
  {
    "Abbreviation": "for",
    "CategoryID": 5,
    "Description": "general for sale - by owner",
    "Type": "S"
  },
  {
    "Abbreviation": "sys",
    "CategoryID": 7,
    "Description": "computers - by owner",
    "Type": "S"
  },
  {
    "Abbreviation": "eve",
    "CategoryID": 8,
    "Description": "events",
    "Type": "E"
  },
  {
    "Abbreviation": "res",
    "CategoryID": 10,
    "Description": "resumes / job wanted",
    "Type": "R"
  },
  {
    "Abbreviation": "web",
    "CategoryID": 11,
    "Description": "web/html/info design",
    "Type": "J"
  },
  {
    "Abbreviation": "bus",
    "CategoryID": 12,
    "Description": "business/mgmt",
    "Type": "J"
  },
  {
    "Abbreviation": "mar",
    "CategoryID": 13,
    "Description": "marketing/advertising/pr",
    "Type": "J"
  },
  {
    "Abbreviation": "etc",
    "CategoryID": 15,
    "Description": "et cetera",
    "Type": "J"
  },
  {
    "Abbreviation": "wri",
    "CategoryID": 16,
    "Description": "writing/editing",
    "Type": "J"
  },
  {
    "Abbreviation": "roo",
    "CategoryID": 18,
    "Description": "rooms & shares",
    "Type": "H"
  },
  {
    "Abbreviation": "sha",
    "CategoryID": 19,
    "Description": "room/share wanted",
    "Type": "H"
  },
  {
    "Abbreviation": "wan",
    "CategoryID": 20,
    "Description": "wanted - by owner",
    "Type": "S"
  },
  {
    "Abbreviation": "sof",
    "CategoryID": 21,
    "Description": "software/qa/dba/etc",
    "Type": "J"
  },
  {
    "Abbreviation": "acc",
    "CategoryID": 23,
    "Description": "accounting/finance",
    "Type": "J"
  },
  {
    "Abbreviation": "ofc",
    "CategoryID": 24,
    "Description": "admin/office",
    "Type": "J"
  },
  {
    "Abbreviation": "med",
    "CategoryID": 25,
    "Description": "art/media/design",
    "Type": "J"
  },
  {
    "Abbreviation": "hea",
    "CategoryID": 26,
    "Description": "healthcare",
    "Type": "J"
  },
  {
    "Abbreviation": "ret",
    "CategoryID": 27,
    "Description": "retail/wholesale",
    "Type": "J"
  },
  {
    "Abbreviation": "npo",
    "CategoryID": 28,
    "Description": "nonprofit",
    "Type": "J"
  },
  {
    "Abbreviation": "vol",
    "CategoryID": 29,
    "Description": "volunteers",
    "Type": "C"
  },
  {
    "Abbreviation": "act",
    "CategoryID": 35,
    "Description": "activity partners",
    "Type": "C"
  },
  {
    "Abbreviation": "rid",
    "CategoryID": 36,
    "Description": "rideshare",
    "Type": "C"
  },
  {
    "Abbreviation": "pet",
    "CategoryID": 37,
    "Description": "pets",
    "Type": "C"
  },
  {
    "Abbreviation": "cls",
    "CategoryID": 38,
    "Description": "classes",
    "Type": "E"
  },
  {
    "Abbreviation": "sub",
    "CategoryID": 39,
    "Description": "sublets & temporary",
    "Type": "H"
  },
  {
    "Abbreviation": "off",
    "CategoryID": 40,
    "Description": "office & commercial",
    "Type": "H"
  },
  {
    "Abbreviation": "prk",
    "CategoryID": 41,
    "Description": "parking & storage",
    "Type": "H"
  },
  {
    "Abbreviation": "bar",
    "CategoryID": 42,
    "Description": "barter",
    "Type": "S"
  },
  {
    "Abbreviation": "tix",
    "CategoryID": 44,
    "Description": "tickets - by owner",
    "Type": "S"
  },
  {
    "Abbreviation": "lgl",
    "CategoryID": 47,
    "Description": "legal/paralegal",
    "Type": "J"
  },
  {
    "Abbreviation": "egr",
    "CategoryID": 48,
    "Description": "architect/engineer/cad",
    "Type": "J"
  },
  {
    "Abbreviation": "sls",
    "CategoryID": 49,
    "Description": "sales",
    "Type": "J"
  },
  {
    "Abbreviation": "sad",
    "CategoryID": 50,
    "Description": "systems/networking",
    "Type": "J"
  },
  {
    "Abbreviation": "tfr",
    "CategoryID": 52,
    "Description": "tv/film/video/radio",
    "Type": "J"
  },
  {
    "Abbreviation": "hum",
    "CategoryID": 54,
    "Description": "human resource",
    "Type": "J"
  },
  {
    "Abbreviation": "tch",
    "CategoryID": 55,
    "Description": "technical support",
    "Type": "J"
  },
  {
    "Abbreviation": "kid",
    "CategoryID": 56,
    "Description": "childcare",
    "Type": "C"
  },
  {
    "Abbreviation": "edu",
    "CategoryID": 57,
    "Description": "education/teaching",
    "Type": "J"
  },
  {
    "Abbreviation": "sbw",
    "CategoryID": 58,
    "Description": "sublet/temp wanted",
    "Type": "H"
  },
  {
    "Abbreviation": "trd",
    "CategoryID": 59,
    "Description": "skilled trades/artisan",
    "Type": "J"
  },
  {
    "Abbreviation": "fee",
    "CategoryID": 60,
    "Description": "apts broker fee",
    "Type": "H"
  },
  {
    "Abbreviation": "gov",
    "CategoryID": 61,
    "Description": "government",
    "Type": "J"
  },
  {
    "Abbreviation": "mis",
    "CategoryID": 63,
    "Description": "missed connections",
    "Type": "C"
  },
  {
    "Abbreviation": "swp",
    "CategoryID": 65,
    "Description": "housing swap",
    "Type": "H"
  },
  {
    "Abbreviation": "bik",
    "CategoryID": 68,
    "Description": "bicycles - by owner",
    "Type": "S"
  },
  {
    "Abbreviation": "mcy",
    "CategoryID": 69,
    "Description": "motorcycles/scooters - by owner",
    "Type": "S"
  },
  {
    "Abbreviation": "ats",
    "CategoryID": 70,
    "Description": "artists",
    "Type": "C"
  },
  {
    "Abbreviation": "muc",
    "CategoryID": 71,
    "Description": "musicians",
    "Type": "C"
  },
  {
    "Abbreviation": "gms",
    "CategoryID": 73,
    "Description": "garage & moving sales",
    "Type": "S"
  },
  {
    "Abbreviation": "sci",
    "CategoryID": 75,
    "Description": "science/biotech",
    "Type": "J"
  },
  {
    "Abbreviation": "cps",
    "CategoryID": 76,
    "Description": "computer services",
    "Type": "B"
  },
  {
    "Abbreviation": "crs",
    "CategoryID": 77,
    "Description": "creative services",
    "Type": "B"
  },
  {
    "Abbreviation": "evs",
    "CategoryID": 79,
    "Description": "event services",
    "Type": "B"
  },
  {
    "Abbreviation": "hss",
    "CategoryID": 80,
    "Description": "household services",
    "Type": "B"
  },
  {
    "Abbreviation": "lss",
    "CategoryID": 81,
    "Description": "lessons & tutoring",
    "Type": "B"
  },
  {
    "Abbreviation": "lbs",
    "CategoryID": 82,
    "Description": "labor / hauling / moving",
    "Type": "B"
  },
  {
    "Abbreviation": "sks",
    "CategoryID": 83,
    "Description": "skilled trade services",
    "Type": "B"
  },
  {
    "Abbreviation": "nfb",
    "CategoryID": 85,
    "Description": "apts broker no fee",
    "Type": "H"
  },
  {
    "Abbreviation": "abo",
    "CategoryID": 86,
    "Description": "apts by owner",
    "Type": "H"
  },
  {
    "Abbreviation": "pol",
    "CategoryID": 87,
    "Description": "politics",
    "Type": "C"
  },
  {
    "Abbreviation": "laf",
    "CategoryID": 88,
    "Description": "lost & found",
    "Type": "C"
  },
  {
    "Abbreviation": "rnr",
    "CategoryID": 90,
    "Description": "rants & raves",
    "Type": "C"
  },
  {
    "Abbreviation": "grp",
    "CategoryID": 91,
    "Description": "groups",
    "Type": "C"
  },
  {
    "Abbreviation": "bks",
    "CategoryID": 92,
    "Description": "books & magazines - by owner",
    "Type": "S"
  },
  {
    "Abbreviation": "spo",
    "CategoryID": 93,
    "Description": "sporting goods - by owner",
    "Type": "S"
  },
  {
    "Abbreviation": "clo",
    "CategoryID": 94,
    "Description": "clothing & accessories - by owner",
    "Type": "S"
  },
  {
    "Abbreviation": "clt",
    "CategoryID": 95,
    "Description": "collectibles - by owner",
    "Type": "S"
  },
  {
    "Abbreviation": "ele",
    "CategoryID": 96,
    "Description": "electronics - by owner",
    "Type": "S"
  },
  {
    "Abbreviation": "hsh",
    "CategoryID": 97,
    "Description": "household items - by owner",
    "Type": "S"
  },
  {
    "Abbreviation": "msg",
    "CategoryID": 98,
    "Description": "musical instruments - by owner",
    "Type": "S"
  },
  {
    "Abbreviation": "vac",
    "CategoryID": 99,
    "Description": "vacation rentals",
    "Type": "H"
  },
  {
    "Abbreviation": "csr",
    "CategoryID": 100,
    "Description": "customer service",
    "Type": "J"
  },
  {
    "Abbreviation": "zip",
    "CategoryID": 101,
    "Description": "free stuff",
    "Type": "S"
  },
  {
    "Abbreviation": "lgs",
    "CategoryID": 103,
    "Description": "legal services",
    "Type": "B"
  },
  {
    "Abbreviation": "fns",
    "CategoryID": 104,
    "Description": "financial services",
    "Type": "B"
  },
  {
    "Abbreviation": "rts",
    "CategoryID": 105,
    "Description": "real estate services",
    "Type": "B"
  },
  {
    "Abbreviation": "aos",
    "CategoryID": 106,
    "Description": "automotive services",
    "Type": "B"
  },
  {
    "Abbreviation": "bab",
    "CategoryID": 107,
    "Description": "baby & kid stuff - by owner",
    "Type": "S"
  },
  {
    "Abbreviation": "tlg",
    "CategoryID": 108,
    "Description": "talent gigs",
    "Type": "G"
  },
  {
    "Abbreviation": "cwg",
    "CategoryID": 109,
    "Description": "crew gigs",
    "Type": "G"
  },
  {
    "Abbreviation": "cpg",
    "CategoryID": 110,
    "Description": "computer gigs",
    "Type": "G"
  },
  {
    "Abbreviation": "lbg",
    "CategoryID": 111,
    "Description": "labor gigs",
    "Type": "G"
  },
  {
    "Abbreviation": "wrg",
    "CategoryID": 112,
    "Description": "writing gigs",
    "Type": "G"
  },
  {
    "Abbreviation": "dmg",
    "CategoryID": 113,
    "Description": "domestic gigs",
    "Type": "G"
  },
  {
    "Abbreviation": "crg",
    "CategoryID": 114,
    "Description": "creative gigs",
    "Type": "G"
  },
  {
    "Abbreviation": "evg",
    "CategoryID": 115,
    "Description": "event gigs",
    "Type": "G"
  },
  {
    "Abbreviation": "vnn",
    "CategoryID": 116,
    "Description": "local news and views",
    "Type": "C"
  },
  {
    "Abbreviation": "emd",
    "CategoryID": 117,
    "Description": "cds / dvds / vhs - by owner",
    "Type": "S"
  },
  {
    "Abbreviation": "tls",
    "CategoryID": 118,
    "Description": "tools - by owner",
    "Type": "S"
  },
  {
    "Abbreviation": "boa",
    "CategoryID": 119,
    "Description": "boats - by owner",
    "Type": "S"
  },
  {
    "Abbreviation": "jwl",
    "CategoryID": 120,
    "Description": "jewelry - by owner",
    "Type": "S"
  },
  {
    "Abbreviation": "rew",
    "CategoryID": 121,
    "Description": "real estate wanted",
    "Type": "H"
  },
  {
    "Abbreviation": "pts",
    "CategoryID": 122,
    "Description": "auto parts - by owner",
    "Type": "S"
  },
  {
    "Abbreviation": "rvs",
    "CategoryID": 124,
    "Description": "rvs - by owner",
    "Type": "S"
  },
  {
    "Abbreviation": "trp",
    "CategoryID": 125,
    "Description": "transportation",
    "Type": "J"
  },
  {
    "Abbreviation": "spa",
    "CategoryID": 126,
    "Description": "salon/spa/fitness",
    "Type": "J"
  },
  {
    "Abbreviation": "rej",
    "CategoryID": 127,
    "Description": "real estate",
    "Type": "J"
  },
  {
    "Abbreviation": "mnu",
    "CategoryID": 128,
    "Description": "manufacturing",
    "Type": "J"
  },
  {
    "Abbreviation": "fbh",
    "CategoryID": 129,
    "Description": "food/beverage/hospitality",
    "Type": "J"
  },
  {
    "Abbreviation": "lab",
    "CategoryID": 130,
    "Description": "general labor",
    "Type": "J"
  },
  {
    "Abbreviation": "sec",
    "CategoryID": 131,
    "Description": "security",
    "Type": "J"
  },
  {
    "Abbreviation": "tag",
    "CategoryID": 132,
    "Description": "toys & games - by owner",
    "Type": "S"
  },
  {
    "Abbreviation": "grd",
    "CategoryID": 133,
    "Description": "farm & garden - by owner",
    "Type": "S"
  },
  {
    "Abbreviation": "bfs",
    "CategoryID": 134,
    "Description": "business/commercial - by owner",
    "Type": "S"
  },
  {
    "Abbreviation": "art",
    "CategoryID": 135,
    "Description": "arts & crafts - by owner",
    "Type": "S"
  },
  {
    "Abbreviation": "mat",
    "CategoryID": 136,
    "Description": "materials - by owner",
    "Type": "S"
  },
  {
    "Abbreviation": "pho",
    "CategoryID": 137,
    "Description": "photo/video - by owner",
    "Type": "S"
  },
  {
    "Abbreviation": "bts",
    "CategoryID": 138,
    "Description": "beauty services",
    "Type": "B"
  },
  {
    "Abbreviation": "wet",
    "CategoryID": 139,
    "Description": "writing / editing / translation",
    "Type": "B"
  },
  {
    "Abbreviation": "trv",
    "CategoryID": 140,
    "Description": "travel/vacation services",
    "Type": "B"
  },
  {
    "Abbreviation": "fuo",
    "CategoryID": 141,
    "Description": "furniture - by owner",
    "Type": "S"
  },
  {
    "Abbreviation": "fud",
    "CategoryID": 142,
    "Description": "furniture - by dealer",
    "Type": "S"
  },
  {
    "Abbreviation": "reo",
    "CategoryID": 143,
    "Description": "real estate - by owner",
    "Type": "H"
  },
  {
    "Abbreviation": "reb",
    "CategoryID": 144,
    "Description": "real estate - by broker",
    "Type": "H"
  },
  {
    "Abbreviation": "cto",
    "CategoryID": 145,
    "Description": "cars & trucks - by owner",
    "Type": "S"
  },
  {
    "Abbreviation": "ctd",
    "CategoryID": 146,
    "Description": "cars & trucks - by dealer",
    "Type": "S"
  },
  {
    "Abbreviation": "app",
    "CategoryID": 149,
    "Description": "appliances - by owner",
    "Type": "S"
  },
  {
    "Abbreviation": "atq",
    "CategoryID": 150,
    "Description": "antiques - by owner",
    "Type": "S"
  },
  {
    "Abbreviation": "vgm",
    "CategoryID": 151,
    "Description": "video gaming - by owner",
    "Type": "S"
  },
  {
    "Abbreviation": "hab",
    "CategoryID": 152,
    "Description": "health and beauty - by owner",
    "Type": "S"
  },
  {
    "Abbreviation": "mob",
    "CategoryID": 153,
    "Description": "cell phones - by owner",
    "Type": "S"
  },
  {
    "Abbreviation": "fgs",
    "CategoryID": 154,
    "Description": "farm & garden services",
    "Type": "B"
  },
  {
    "Abbreviation": "pas",
    "CategoryID": 155,
    "Description": "pet services",
    "Type": "B"
  },
  {
    "Abbreviation": "mas",
    "CategoryID": 156,
    "Description": "marine services",
    "Type": "B"
  },
  {
    "Abbreviation": "cys",
    "CategoryID": 158,
    "Description": "cycle services",
    "Type": "B"
  },
  {
    "Abbreviation": "mcd",
    "CategoryID": 160,
    "Description": "motorcycles/scooters - by dealer",
    "Type": "S"
  },
  {
    "Abbreviation": "tid",
    "CategoryID": 161,
    "Description": "tickets - by dealer",
    "Type": "S"
  },
  {
    "Abbreviation": "ppd",
    "CategoryID": 162,
    "Description": "appliances - by dealer",
    "Type": "S"
  },
  {
    "Abbreviation": "ptd",
    "CategoryID": 163,
    "Description": "auto parts - by dealer",
    "Type": "S"
  },
  {
    "Abbreviation": "bod",
    "CategoryID": 164,
    "Description": "boats - by dealer",
    "Type": "S"
  },
  {
    "Abbreviation": "mod",
    "CategoryID": 165,
    "Description": "cell phones - by dealer",
    "Type": "S"
  },
  {
    "Abbreviation": "syd",
    "CategoryID": 166,
    "Description": "computers - by dealer",
    "Type": "S"
  },
  {
    "Abbreviation": "eld",
    "CategoryID": 167,
    "Description": "electronics - by dealer",
    "Type": "S"
  },
  {
    "Abbreviation": "rvd",
    "CategoryID": 168,
    "Description": "rvs - by dealer",
    "Type": "S"
  },
  {
    "Abbreviation": "atd",
    "CategoryID": 169,
    "Description": "antiques - by dealer",
    "Type": "S"
  },
  {
    "Abbreviation": "ard",
    "CategoryID": 170,
    "Description": "arts & crafts - by dealer",
    "Type": "S"
  },
  {
    "Abbreviation": "bad",
    "CategoryID": 171,
    "Description": "baby & kid stuff - by dealer",
    "Type": "S"
  },
  {
    "Abbreviation": "bid",
    "CategoryID": 172,
    "Description": "bicycles - by dealer",
    "Type": "S"
  },
  {
    "Abbreviation": "bkd",
    "CategoryID": 173,
    "Description": "books & magazines - by dealer",
    "Type": "S"
  },
  {
    "Abbreviation": "bfd",
    "CategoryID": 174,
    "Description": "business/commercial - by dealer",
    "Type": "S"
  },
  {
    "Abbreviation": "emq",
    "CategoryID": 175,
    "Description": "cds / dvds / vhs - by dealer",
    "Type": "S"
  },
  {
    "Abbreviation": "cld",
    "CategoryID": 176,
    "Description": "clothing & accessories - by dealer",
    "Type": "S"
  },
  {
    "Abbreviation": "cbd",
    "CategoryID": 177,
    "Description": "collectibles - by dealer",
    "Type": "S"
  },
  {
    "Abbreviation": "grq",
    "CategoryID": 178,
    "Description": "farm & garden - by dealer",
    "Type": "S"
  },
  {
    "Abbreviation": "fod",
    "CategoryID": 179,
    "Description": "general for sale - by dealer",
    "Type": "S"
  },
  {
    "Abbreviation": "had",
    "CategoryID": 180,
    "Description": "health and beauty - by dealer",
    "Type": "S"
  },
  {
    "Abbreviation": "hsd",
    "CategoryID": 181,
    "Description": "household items - by dealer",
    "Type": "S"
  },
  {
    "Abbreviation": "jwd",
    "CategoryID": 182,
    "Description": "jewelry - by dealer",
    "Type": "S"
  },
  {
    "Abbreviation": "mad",
    "CategoryID": 183,
    "Description": "materials - by dealer",
    "Type": "S"
  },
  {
    "Abbreviation": "msd",
    "CategoryID": 184,
    "Description": "musical instruments - by dealer",
    "Type": "S"
  },
  {
    "Abbreviation": "phd",
    "CategoryID": 185,
    "Description": "photo/video - by dealer",
    "Type": "S"
  },
  {
    "Abbreviation": "sgd",
    "CategoryID": 186,
    "Description": "sporting goods - by dealer",
    "Type": "S"
  },
  {
    "Abbreviation": "tld",
    "CategoryID": 187,
    "Description": "tools - by dealer",
    "Type": "S"
  },
  {
    "Abbreviation": "tad",
    "CategoryID": 188,
    "Description": "toys & games - by dealer",
    "Type": "S"
  },
  {
    "Abbreviation": "vgd",
    "CategoryID": 189,
    "Description": "video gaming - by dealer",
    "Type": "S"
  },
  {
    "Abbreviation": "wad",
    "CategoryID": 190,
    "Description": "wanted - by dealer",
    "Type": "S"
  },
  {
    "Abbreviation": "snw",
    "CategoryID": 191,
    "Description": "atvs, utvs, snowmobiles - by owner",
    "Type": "S"
  },
  {
    "Abbreviation": "snd",
    "CategoryID": 192,
    "Description": "atvs, utvs, snowmobiles - by dealer",
    "Type": "S"
  },
  {
    "Abbreviation": "hvo",
    "CategoryID": 193,
    "Description": "heavy equipment - by owner",
    "Type": "S"
  },
  {
    "Abbreviation": "hvd",
    "CategoryID": 194,
    "Description": "heavy equipment - by dealer",
    "Type": "S"
  },
  {
    "Abbreviation": "mpo",
    "CategoryID": 195,
    "Description": "motorcycle parts - by owner",
    "Type": "S"
  },
  {
    "Abbreviation": "mpd",
    "CategoryID": 196,
    "Description": "motorcycle parts - by dealer",
    "Type": "S"
  },
  {
    "Abbreviation": "bop",
    "CategoryID": 197,
    "Description": "bicycle parts - by owner",
    "Type": "S"
  },
  {
    "Abbreviation": "bdp",
    "CategoryID": 198,
    "Description": "bicycle parts - by dealer",
    "Type": "S"
  },
  {
    "Abbreviation": "sop",
    "CategoryID": 199,
    "Description": "computer parts - by owner",
    "Type": "S"
  },
  {
    "Abbreviation": "sdp",
    "CategoryID": 200,
    "Description": "computer parts - by dealer",
    "Type": "S"
  },
  {
    "Abbreviation": "bpo",
    "CategoryID": 201,
    "Description": "boat parts - by owner",
    "Type": "S"
  },
  {
    "Abbreviation": "bpd",
    "CategoryID": 202,
    "Description": "boat parts - by dealer",
    "Type": "S"
  },
  {
    "Abbreviation": "wto",
    "CategoryID": 203,
    "Description": "auto wheels & tires - by owner",
    "Type": "S"
  },
  {
    "Abbreviation": "wtd",
    "CategoryID": 204,
    "Description": "auto wheels & tires - by dealer",
    "Type": "S"
  },
  {
    "Abbreviation": "tro",
    "CategoryID": 205,
    "Description": "trailers - by owner",
    "Type": "S"
  },
  {
    "Abbreviation": "trb",
    "CategoryID": 206,
    "Description": "trailers - by dealer",
    "Type": "S"
  },
  {
    "Abbreviation": "cms",
    "CategoryID": 207,
    "Description": "cell phone / mobile services",
    "Type": "B"
  },
  {
    "Abbreviation": "avo",
    "CategoryID": 208,
    "Description": "aviation - by owner",
    "Type": "S"
  },
  {
    "Abbreviation": "avd",
    "CategoryID": 209,
    "Description": "aviation - by dealer",
    "Type": "S"
  }
]